{
  "armorer_idle": {
    "sounds": [
      "villager/armorer_idle_1",
      "villager/armorer_idle_2",
      "villager/armorer_idle_3"
    ]
  },
  "armorer_no": {
    "sounds": [
      "villager/armorer_no_1",
      "villager/armorer_no_2"
    ]
  },
  "armorer_yes": {
    "sounds": [
      "villager/armorer_yes_1",
      "villager/armorer_yes_2",
      "villager/armorer_yes_3"
    ]
  },
  "cleric_idle": {
    "sounds": [
      "villager/cleric_idle_1",
      "villager/cleric_idle_2",
      "villager/cleric_idle_3",
      "villager/cleric_idle_4"
    ]
  },
  "cleric_no": {
    "sounds": [
      "villager/cleric_no_1",
      "villager/cleric_no_2"
    ]
  },
  "cleric_yes": {
    "sounds": [
      "villager/cleric_yes_1"
    ]
  }
}
