{
  "entity.villager.ambient": {
    "replace": true,
    "sounds": [
      "entity/villager/ambient1",
      "entity/villager/ambient2",
      "entity/villager/ambient3",
      "entity/villager/ambient4",
      "entity/villager/ambient5"
    ]
  },
  "entity.villager.hurt": {
    "replace": true,
    "sounds": [
      "entity/villager/hurt1",
      "entity/villager/hurt2",
      "entity/villager/hurt3"
    ]
  },
  "entity.villager.death": {
    "replace": true,
    "sounds": [
      "entity/villager/death1",
      "entity/villager/death2"
    ]
  },
  "entity.villager.trade": {
    "replace": true,
    "sounds": [
      "entity/villager/trade1",
      "entity/villager/trade2",
      "entity/villager/trade3"
    ]
  }
}