{
  "custom.villager.idle": {
    "sounds": [
      "custom/villager/idle1",
      "custom/villager/idle2",
      "custom/villager/idle3",
      "custom/villager/idle4",
      "custom/villager/idle5"
    ]
  },
  "custom.villager.trade": {
    "sounds": [
      "custom/villager/trade1",
      "custom/villager/trade2",
      "custom/villager/trade3"
    ]
  },
  "custom.villager.hurt": {
    "sounds": [
      "custom/villager/hurt1",
      "custom/villager/hurt2",
      "custom/villager/hurt3"
    ]
  },
  "custom.villager.death": {
    "sounds": [
      "custom/villager/death1",
      "custom/villager/death2"
    ]
  }
}
